                  epoch,         train/box_loss,         train/cls_loss,         train/dfl_loss,   metrics/precision(B),      metrics/recall(B),       metrics/mAP50(B),    metrics/mAP50-95(B),           val/box_loss,           val/cls_loss,           val/dfl_loss,                 lr/pg0,                 lr/pg1,                 lr/pg2
                      1,                  1.648,                 2.7701,                 1.6624,                0.00345,                      1,                0.97163,                0.56022,                 1.1715,                 3.2405,                 1.1754,             0.00064865,             0.00064865,             0.00064865
                      2,                  1.634,                 1.8764,                 1.6064,                0.98774,                0.96512,                0.98381,                  0.511,                 1.6475,                 3.1177,                 1.5034,              0.0012967,              0.0012967,              0.0012967
                      3,                 1.6602,                 1.7659,                 1.6108,                0.87455,                0.89175,                0.93942,                0.48491,                 1.4885,                 2.4718,                 1.6475,              0.0019259,              0.0019259,              0.0019259
                      4,                 1.5131,                 1.5218,                 1.5092,                0.99831,                0.95349,                0.97521,                 0.5633,                 1.4434,                 1.6862,                 1.8365,              0.0019151,              0.0019151,              0.0019151
                      5,                 1.5993,                 1.3912,                 1.6473,                0.99882,                0.90698,                0.94801,                0.54091,                 1.4737,                 2.0257,                 1.8249,              0.0019151,              0.0019151,              0.0019151
                      6,                 1.6184,                 1.3268,                 1.5964,                0.97329,                0.96512,                0.96789,                0.49728,                   1.67,                 1.5935,                 1.9133,              0.0018869,              0.0018869,              0.0018869
                      7,                 1.5598,                 1.2092,                 1.5474,                0.99719,                0.96512,                0.96593,                0.54863,                 1.4222,                 1.4167,                 1.6249,              0.0018586,              0.0018586,              0.0018586
                      8,                 1.5046,                 1.1339,                 1.5612,                0.99859,                0.97674,                0.97617,                0.55257,                 1.5535,                 1.8769,                  1.853,              0.0018303,              0.0018303,              0.0018303
                      9,                 1.5793,                 1.0593,                 1.6021,                0.99942,                0.96512,                0.96535,                0.56465,                  1.428,                 1.2265,                 1.7321,               0.001802,               0.001802,               0.001802
                     10,                 1.5351,                 1.0238,                 1.5493,                0.98808,                0.96368,                0.96494,                0.58298,                 1.4323,                 1.0869,                 1.6494,              0.0017737,              0.0017737,              0.0017737
                     11,                 1.4916,                0.92845,                 1.5147,                0.99723,                0.96512,                0.97251,                0.57518,                 1.4107,                0.99883,                 1.6892,              0.0017454,              0.0017454,              0.0017454
                     12,                 1.5534,                0.94857,                 1.5566,                0.99859,                0.96512,                0.96523,                0.59749,                 1.3479,                0.90942,                 1.5933,              0.0017171,              0.0017171,              0.0017171
                     13,                 1.5278,                0.90344,                  1.531,                 0.9997,                0.96512,                0.96836,                0.56414,                 1.4174,                0.88544,                 1.5961,              0.0016889,              0.0016889,              0.0016889
                     14,                 1.4897,                0.86272,                  1.558,                0.99911,                0.96512,                0.97322,                 0.5805,                 1.3823,                0.81863,                 1.6186,              0.0016606,              0.0016606,              0.0016606
                     15,                 1.4281,                0.84321,                 1.4785,                0.96767,                0.96512,                0.97412,                0.56318,                 1.3924,                0.91363,                 1.6352,              0.0016323,              0.0016323,              0.0016323
                     16,                  1.542,                0.82702,                 1.5483,                0.99848,                0.96512,                0.96767,                0.57251,                 1.3553,                0.86322,                 1.7224,               0.001604,               0.001604,               0.001604
                     17,                 1.4808,                0.78628,                 1.4856,                      1,                0.96311,                0.96528,                0.54588,                 1.4201,                0.87141,                 1.6875,              0.0015757,              0.0015757,              0.0015757
                     18,                 1.5424,                0.80838,                 1.5888,                0.99803,                0.96512,                0.96541,                0.58153,                 1.3392,                0.83652,                 1.6477,              0.0015474,              0.0015474,              0.0015474
                     19,                 1.4556,                0.75271,                 1.5335,                0.99913,                0.96512,                0.96574,                0.59467,                 1.3346,                0.75485,                 1.7056,              0.0015191,              0.0015191,              0.0015191
                     20,                 1.4457,                0.78521,                 1.4855,                0.99687,                0.96512,                0.96997,                0.56538,                 1.3906,                 0.7894,                 1.7038,              0.0014909,              0.0014909,              0.0014909
                     21,                 1.4664,                0.76017,                 1.5152,                0.99916,                0.96512,                0.96586,                0.57847,                 1.2954,                0.66746,                 1.6092,              0.0014626,              0.0014626,              0.0014626
                     22,                 1.4715,                0.72592,                 1.5118,                0.99912,                0.96512,                0.96542,                0.54635,                 1.3729,                0.74233,                 1.6422,              0.0014343,              0.0014343,              0.0014343
                     23,                 1.4283,                0.67572,                 1.4675,                      1,                0.96505,                0.96903,                0.61478,                 1.3825,                0.66421,                 1.6595,               0.001406,               0.001406,               0.001406
                     24,                 1.5225,                0.73054,                 1.5134,                0.99906,                0.96512,                0.96763,                0.60941,                 1.3206,                0.62339,                 1.5909,              0.0013777,              0.0013777,              0.0013777
                     25,                 1.4149,                0.71437,                 1.4853,                0.99917,                0.96512,                0.96661,                0.53422,                  1.569,                0.64961,                   1.82,              0.0013494,              0.0013494,              0.0013494
                     26,                 1.4679,                0.71078,                 1.5014,                0.99912,                0.96512,                0.97387,                0.60601,                 1.3299,                0.62452,                 1.6647,              0.0013211,              0.0013211,              0.0013211
                     27,                 1.4657,                 0.7279,                 1.5414,                0.99911,                0.96512,                0.97293,                0.59946,                 1.3735,                0.66285,                 1.6452,              0.0012929,              0.0012929,              0.0012929
                     28,                 1.4581,                0.70298,                 1.4953,                0.99808,                0.96512,                0.96882,                0.59604,                 1.3998,                0.62309,                 1.6941,              0.0012646,              0.0012646,              0.0012646
                     29,                 1.3451,                0.65098,                 1.4285,                0.99488,                0.96512,                 0.9691,                0.60955,                 1.3499,                0.61304,                 1.6638,              0.0012363,              0.0012363,              0.0012363
                     30,                 1.4202,                0.63994,                 1.4694,                0.99907,                0.96512,                0.97158,                0.57391,                 1.5183,                0.69119,                 1.8047,               0.001208,               0.001208,               0.001208
                     31,                  1.446,                0.68012,                 1.4989,                0.99911,                0.96512,                0.96859,                 0.6056,                 1.3708,                0.60904,                 1.7046,              0.0011797,              0.0011797,              0.0011797
                     32,                  1.424,                0.65086,                 1.4952,                0.99917,                0.96512,                  0.969,                0.61388,                 1.3608,                0.58423,                 1.6363,              0.0011514,              0.0011514,              0.0011514
                     33,                  1.426,                0.68773,                 1.4873,                0.99881,                0.96512,                0.96793,                0.61396,                 1.3622,                0.62982,                  1.645,              0.0011231,              0.0011231,              0.0011231
                     34,                 1.4614,                 0.7065,                 1.5436,                0.99914,                0.96512,                0.96879,                0.56935,                 1.4101,                0.61132,                 1.6494,              0.0010949,              0.0010949,              0.0010949
                     35,                 1.4275,                0.66417,                 1.4873,                0.99917,                0.96512,                0.96847,                0.61643,                 1.3185,                0.63439,                 1.5942,              0.0010666,              0.0010666,              0.0010666
                     36,                 1.4308,                0.65098,                 1.4929,                0.99809,                0.96512,                0.96761,                0.61317,                 1.2997,                0.59131,                 1.6076,              0.0010383,              0.0010383,              0.0010383
                     37,                 1.4214,                  0.628,                 1.4833,                0.99918,                0.96512,                0.96903,                0.58702,                 1.3518,                0.54275,                 1.6544,                0.00101,                0.00101,                0.00101
                     38,                 1.4649,                0.66883,                 1.4792,                0.99915,                0.96512,                0.97534,                0.64044,                 1.2574,                0.53896,                 1.5879,             0.00098171,             0.00098171,             0.00098171
                     39,                 1.3796,                0.61242,                 1.4641,                0.99917,                0.96512,                0.98141,                0.64917,                 1.2949,                0.55442,                 1.5972,             0.00095343,             0.00095343,             0.00095343
                     40,                 1.3602,                0.61146,                 1.4427,                0.99914,                0.96512,                0.97381,                0.64263,                 1.2978,                0.52436,                 1.5986,             0.00092514,             0.00092514,             0.00092514
                     41,                 1.4057,                0.62049,                 1.4889,                0.99915,                0.96512,                0.97284,                0.64107,                 1.2942,                0.51112,                 1.6136,             0.00089686,             0.00089686,             0.00089686
                     42,                 1.3674,                0.60486,                 1.4496,                0.99915,                0.96512,                0.97158,                0.64643,                 1.2875,                0.54385,                 1.6222,             0.00086857,             0.00086857,             0.00086857
                     43,                 1.3395,                0.62452,                 1.4694,                0.99914,                0.96512,                0.97105,                0.59171,                 1.4714,                0.59362,                 1.7799,             0.00084029,             0.00084029,             0.00084029
                     44,                 1.3579,                0.60653,                 1.4853,                0.99914,                0.96512,                0.96933,                0.64416,                 1.2908,                0.51027,                 1.6158,               0.000812,               0.000812,               0.000812
                     45,                 1.3691,                 0.6148,                 1.4501,                0.99916,                0.96512,                0.96935,                0.62787,                 1.3182,                0.51791,                 1.6306,             0.00078371,             0.00078371,             0.00078371
                     46,                 1.3503,                0.57677,                 1.4587,                0.99915,                0.96512,                0.98069,                0.64981,                 1.3883,                0.50361,                 1.6825,             0.00075543,             0.00075543,             0.00075543
                     47,                 1.4121,                0.59986,                 1.5027,                0.99918,                0.96512,                  0.979,                0.66166,                 1.2913,                0.50436,                 1.5864,             0.00072714,             0.00072714,             0.00072714
                     48,                 1.3457,                0.60564,                 1.4585,                0.99911,                0.96512,                0.97834,                0.63616,                 1.3435,                0.51153,                 1.6409,             0.00069886,             0.00069886,             0.00069886
                     49,                 1.3396,                0.58512,                 1.4217,                0.99916,                0.96512,                0.98141,                0.67378,                 1.3237,                0.49731,                 1.6312,             0.00067057,             0.00067057,             0.00067057
                     50,                  1.385,                0.59232,                 1.4717,                 0.9991,                0.96512,                0.97873,                0.65491,                 1.3173,                0.51677,                 1.6233,             0.00064229,             0.00064229,             0.00064229
                     51,                 1.3275,                0.57662,                 1.4306,                0.99917,                0.96512,                 0.9816,                0.67604,                 1.3031,                 0.5019,                 1.6264,               0.000614,               0.000614,               0.000614
                     52,                 1.3338,                0.59627,                 1.4454,                0.99918,                0.96512,                 0.9818,                0.68058,                 1.2856,                0.49425,                 1.6116,             0.00058571,             0.00058571,             0.00058571
                     53,                 1.3264,                0.57513,                 1.4575,                0.99918,                0.96512,                0.98035,                0.69016,                 1.2355,                0.46337,                 1.5729,             0.00055743,             0.00055743,             0.00055743
                     54,                 1.2965,                0.59569,                 1.3684,                0.99912,                0.96512,                0.98104,                0.67879,                 1.2683,                0.49664,                 1.5985,             0.00052914,             0.00052914,             0.00052914
                     55,                 1.3051,                0.56892,                 1.4118,                      1,                0.96512,                 0.9822,                0.67559,                 1.2716,                0.49029,                 1.6011,             0.00050086,             0.00050086,             0.00050086
                     56,                   1.36,                0.56189,                 1.4585,                0.99915,                0.96512,                 0.9818,                0.67654,                  1.265,                0.49078,                 1.6097,             0.00047257,             0.00047257,             0.00047257
                     57,                 1.3038,                0.55275,                 1.4327,                0.99918,                0.96512,                  0.982,                0.67338,                 1.2994,                0.49136,                 1.6627,             0.00044429,             0.00044429,             0.00044429
                     58,                 1.3383,                0.58789,                 1.4491,                0.99911,                0.96512,                  0.982,                0.67645,                 1.2644,                0.48761,                 1.6226,               0.000416,               0.000416,               0.000416
                     59,                 1.2509,                0.54971,                 1.3906,                      1,                0.96512,                 0.9822,                0.67605,                 1.2891,                0.49043,                 1.6402,             0.00038771,             0.00038771,             0.00038771
                     60,                 1.3071,                0.54686,                 1.4109,                      1,                0.96512,                 0.9822,                0.67394,                 1.3075,                0.48283,                 1.6584,             0.00035943,             0.00035943,             0.00035943
                     61,                 1.3081,                0.49566,                 1.4641,                 0.9991,                0.96512,                0.97624,                0.65388,                 1.3216,                0.47416,                 1.6575,             0.00033114,             0.00033114,             0.00033114
                     62,                 1.3255,                 0.4925,                 1.5121,                0.99911,                0.96512,                0.98104,                0.68277,                 1.2787,                0.46725,                 1.6407,             0.00030286,             0.00030286,             0.00030286
                     63,                 1.2642,                0.48176,                 1.4886,                0.99915,                0.96512,                  0.982,                0.69236,                  1.262,                0.45884,                 1.6294,             0.00027457,             0.00027457,             0.00027457
                     64,                 1.2934,                 0.4945,                 1.5078,                      1,                0.96512,                 0.9822,                0.68159,                 1.2737,                 0.4556,                 1.6315,             0.00024629,             0.00024629,             0.00024629
                     65,                 1.2623,                0.48879,                 1.4769,                      1,                0.96512,                 0.9822,                0.68244,                 1.2666,                0.45179,                  1.618,               0.000218,               0.000218,               0.000218
                     66,                 1.2792,                0.47683,                 1.4982,                      1,                0.96512,                 0.9822,                0.69084,                 1.2552,                0.45224,                 1.6008,             0.00018971,             0.00018971,             0.00018971
                     67,                 1.2623,                 0.4686,                 1.4905,                0.99917,                0.96512,                  0.982,                 0.6752,                 1.2944,                  0.447,                 1.6479,             0.00016143,             0.00016143,             0.00016143
                     68,                 1.2423,                0.46666,                 1.4737,                0.99915,                0.96512,                 0.9818,                0.68134,                 1.2806,                0.44857,                 1.6386,             0.00013314,             0.00013314,             0.00013314
                     69,                  1.246,                0.47114,                 1.4566,                0.99911,                0.96512,                0.98104,                0.68015,                 1.2655,                0.44896,                 1.6155,             0.00010486,             0.00010486,             0.00010486
                     70,                 1.2112,                0.46209,                 1.4507,                0.99913,                0.96512,                 0.9816,                0.68398,                 1.2808,                0.44572,                 1.6254,             7.6571e-05,             7.6571e-05,             7.6571e-05
